{
  "fetchedAt": "2025-10-02T11:32:43.957Z",
  "pageResult": {
    "ok": true,
    "status": 200,
    "contentType": "application/json; charset=utf-8",
    "rawText": "{\"code\":0,\"reason\":\"\",\"message\":\"success\",\"data\":{\"allAggregationResult\":{\"dexName\":\"all\",\"chain\":\"bsc\",\"tradeCount\":8117957,\"tradeCountChangeRate\":-0.02164504303555335,\"tradeVolume\":15638637307.589067,\"tradeVolumeChangeRate\":0.4502972516976046,\"traderCount\":10805,\"traderCountChangeRate\":0.4265909691048323,\"buyVolume\":7820760050.91653,\"buyVolumeChangeRate\":0.44850105277944,\"buyCount\":4062374,\"buyCountChangeRate\":-0.01940207861827114,\"sellVolume\":7817877256.672563,\"sellVolumeChangeRate\":0.45209857566955874,\"sellCount\":4055583,\"sellCountChangeRate\":-0.023881500122990097,\"tokenStatsCreated\":3176,\"tokenStatsCreatedChangeRate\":0.07224848075624578,\"tokenStatsMigrations\":22,\"tokenStatsMigrationsChangeRate\":0.6923076923076923},\"topLaunchpads\":[{\"dexName\":\"fourmeme\",\"chain\":\"bsc\",\"tradeCount\":993383,\"tradeCountChangeRate\":0.46865417880217036,\"tradeVolume\":755873895.5511277,\"tradeVolumeChangeRate\":0.09930162503405143,\"traderCount\":79847,\"traderCountChangeRate\":0.24965959777760388,\"buyVolume\":378599504.3688707,\"buyVolumeChangeRate\":0.10020873107323208,\"buyCount\":525587,\"buyCountChangeRate\":0.49706617902574357,\"sellVolume\":377274391.18225634,\"sellVolumeChangeRate\":0.098392835374741,\"sellCount\":467796,\"sellCountChangeRate\":0.4379918355301987,\"tokenStatsCreated\":0,\"tokenStatsCreatedChangeRate\":0,\"tokenStatsMigrations\":22,\"tokenStatsMigrationsChangeRate\":0.6923076923076923},{\"dexName\":\"flap\",\"chain\":\"bsc\",\"tradeCount\":35241,\"tradeCountChangeRate\":-0.03841851073699146,\"tradeVolume\":21665731.002874374,\"tradeVolumeChangeRate\":0.012374934039533785,\"traderCount\":2477,\"traderCountChangeRate\":-0.22617931896282412,\"buyVolume\":10813984.200796463,\"buyVolumeChangeRate\":0.011926556774691675,\"buyCount\":18569,\"buyCountChangeRate\":-0.0160555320050869,\"sellVolume\":10851746.802077955,\"sellVolumeChangeRate\":0.012822146460887151,\"sellCount\":16672,\"sellCountChangeRate\":-0.06215896945491365,\"tokenStatsCreated\":0,\"tokenStatsCreatedChangeRate\":0,\"tokenStatsMigrations\":0,\"tokenStatsMigrationsChangeRate\":0},{\"dexName\":\"pool_pancake\",\"chain\":\"bsc\",\"tradeCount\":0,\"tradeCountChangeRate\":0,\"tradeVolume\":0,\"tradeVolumeChangeRate\":0,\"traderCount\":0,\"traderCountChangeRate\":0,\"buyVolume\":0,\"buyVolumeChangeRate\":0,\"buyCount\":0,\"buyCountChangeRate\":0,\"sellVolume\":0,\"sellVolumeChangeRate\":0,\"sellCount\":0,\"sellCountChangeRate\":0,\"tokenStatsCreated\":0,\"tokenStatsCreatedChangeRate\":0,\"tokenStatsMigrations\":0,\"tokenStatsMigrationsChangeRate\":0}],\"topProtocols\":[{\"dexName\":\"fourmeme\",\"chain\":\"bsc\",\"tradeCount\":47595,\"tradeCountChangeRate\":0.7533615767176276,\"tradeVolume\":5583959.928845035,\"tradeVolumeChangeRate\":0.4141963134509228,\"traderCount\":10636,\"traderCountChangeRate\":0.44041170097508126,\"buyVolume\":1772893.2265206163,\"buyVolumeChangeRate\":0.18660288584426643,\"buyCount\":18141,\"buyCountChangeRate\":0.6811231581873783,\"sellVolume\":3811066.702324408,\"sellVolumeChangeRate\":0.5527408225054694,\"sellCount\":29454,\"sellCountChangeRate\":0.8010272716155069,\"tokenStatsCreated\":0,\"tokenStatsCreatedChangeRate\":0,\"tokenStatsMigrations\":0,\"tokenStatsMigrationsChangeRate\":0},{\"dexName\":\"flap\",\"chain\":\"bsc\",\"tradeCount\":6849,\"tradeCountChangeRate\":-0.10059093893630991,\"tradeVolume\":474986.9677409329,\"tradeVolumeChangeRate\":0.17648104106593424,\"traderCount\":169,\"traderCountChangeRate\":-0.11052631578947368,\"buyVolume\":236210.8344974117,\"buyVolumeChangeRate\":0.1638435919352021,\"buyCount\":3760,\"buyCountChangeRate\":-0.14797190120099704,\"sellVolume\":238776.13324352144,\"sellVolumeChangeRate\":0.18925568892252725,\"sellCount\":3089,\"sellCountChangeRate\":-0.03529044347282948,\"tokenStatsCreated\":0,\"tokenStatsCreatedChangeRate\":0,\"tokenStatsMigrations\":0,\"tokenStatsMigrationsChangeRate\":0},{\"dexName\":\"pancake_v2\",\"chain\":\"bsc\",\"tradeCount\":0,\"tradeCountChangeRate\":0,\"tradeVolume\":0,\"tradeVolumeChangeRate\":0,\"traderCount\":0,\"traderCountChangeRate\":0,\"buyVolume\":0,\"buyVolumeChangeRate\":0,\"buyCount\":0,\"buyCountChangeRate\":0,\"sellVolume\":0,\"sellVolumeChangeRate\":0,\"sellCount\":0,\"sellCountChangeRate\":0,\"tokenStatsCreated\":0,\"tokenStatsCreatedChangeRate\":0,\"tokenStatsMigrations\":0,\"tokenStatsMigrationsChangeRate\":0}],\"source\":\"cache\"}}",
    "json": {
      "code": 0,
      "reason": "",
      "message": "success",
      "data": {
        "allAggregationResult": {
          "dexName": "all",
          "chain": "bsc",
          "tradeCount": 8117957,
          "tradeCountChangeRate": -0.02164504303555335,
          "tradeVolume": 15638637307.589067,
          "tradeVolumeChangeRate": 0.4502972516976046,
          "traderCount": 10805,
          "traderCountChangeRate": 0.4265909691048323,
          "buyVolume": 7820760050.91653,
          "buyVolumeChangeRate": 0.44850105277944,
          "buyCount": 4062374,
          "buyCountChangeRate": -0.01940207861827114,
          "sellVolume": 7817877256.672563,
          "sellVolumeChangeRate": 0.45209857566955874,
          "sellCount": 4055583,
          "sellCountChangeRate": -0.023881500122990097,
          "tokenStatsCreated": 3176,
          "tokenStatsCreatedChangeRate": 0.07224848075624578,
          "tokenStatsMigrations": 22,
          "tokenStatsMigrationsChangeRate": 0.6923076923076923
        },
        "topLaunchpads": [
          {
            "dexName": "fourmeme",
            "chain": "bsc",
            "tradeCount": 993383,
            "tradeCountChangeRate": 0.46865417880217036,
            "tradeVolume": 755873895.5511277,
            "tradeVolumeChangeRate": 0.09930162503405143,
            "traderCount": 79847,
            "traderCountChangeRate": 0.24965959777760388,
            "buyVolume": 378599504.3688707,
            "buyVolumeChangeRate": 0.10020873107323208,
            "buyCount": 525587,
            "buyCountChangeRate": 0.49706617902574357,
            "sellVolume": 377274391.18225634,
            "sellVolumeChangeRate": 0.098392835374741,
            "sellCount": 467796,
            "sellCountChangeRate": 0.4379918355301987,
            "tokenStatsCreated": 0,
            "tokenStatsCreatedChangeRate": 0,
            "tokenStatsMigrations": 22,
            "tokenStatsMigrationsChangeRate": 0.6923076923076923
          },
          {
            "dexName": "flap",
            "chain": "bsc",
            "tradeCount": 35241,
            "tradeCountChangeRate": -0.03841851073699146,
            "tradeVolume": 21665731.002874374,
            "tradeVolumeChangeRate": 0.012374934039533785,
            "traderCount": 2477,
            "traderCountChangeRate": -0.22617931896282412,
            "buyVolume": 10813984.200796463,
            "buyVolumeChangeRate": 0.011926556774691675,
            "buyCount": 18569,
            "buyCountChangeRate": -0.0160555320050869,
            "sellVolume": 10851746.802077955,
            "sellVolumeChangeRate": 0.012822146460887151,
            "sellCount": 16672,
            "sellCountChangeRate": -0.06215896945491365,
            "tokenStatsCreated": 0,
            "tokenStatsCreatedChangeRate": 0,
            "tokenStatsMigrations": 0,
            "tokenStatsMigrationsChangeRate": 0
          },
          {
            "dexName": "pool_pancake",
            "chain": "bsc",
            "tradeCount": 0,
            "tradeCountChangeRate": 0,
            "tradeVolume": 0,
            "tradeVolumeChangeRate": 0,
            "traderCount": 0,
            "traderCountChangeRate": 0,
            "buyVolume": 0,
            "buyVolumeChangeRate": 0,
            "buyCount": 0,
            "buyCountChangeRate": 0,
            "sellVolume": 0,